Date,Open,High,Low,Close,Adj Close,Volume
9/6/2019,2980.330078,2985.030029,2972.51001,2978.709961,2978.709961,3208280000
9/5/2019,2960.600098,2985.860107,2960.600098,2976,2976,3890700000
9/4/2019,2924.669922,2938.840088,2921.860107,2937.780029,2937.780029,3163260000
9/3/2019,2909.01001,2914.389893,2891.850098,2906.27002,2906.27002,3426790000
8/30/2019,2937.090088,2940.429932,2913.320068,2926.459961,2926.459961,3008450000
8/29/2019,2910.370117,2930.5,2905.669922,2924.580078,2924.580078,3176190000
8/28/2019,2861.280029,2890.030029,2853.050049,2887.939941,2887.939941,3097420000
8/27/2019,2893.139893,2898.790039,2860.590088,2869.159912,2869.159912,3533630000
8/26/2019,2866.699951,2879.27002,2856,2878.379883,2878.379883,2857600000
8/23/2019,2911.070068,2927.01001,2834.969971,2847.110107,2847.110107,3937300000
8/22/2019,2930.939941,2939.080078,2904.51001,2922.949951,2922.949951,2890880000
8/21/2019,2922.040039,2928.72998,2917.909912,2924.429932,2924.429932,3011190000
8/20/2019,2919.01001,2923.629883,2899.600098,2900.51001,2900.51001,3066300000
8/19/2019,2913.47998,2931,2913.47998,2923.649902,2923.649902,3212880000
8/16/2019,2864.73999,2893.629883,2864.73999,2888.679932,2888.679932,3498150000
8/15/2019,2846.199951,2856.669922,2825.51001,2847.600098,2847.600098,4038000000
8/14/2019,2894.149902,2894.149902,2839.639893,2840.600098,2840.600098,4312530000
8/13/2019,2880.719971,2943.310059,2877.050049,2926.320068,2926.320068,3853600000
8/12/2019,2907.070068,2907.580078,2873.139893,2882.699951,2882.699951,2851630000
8/9/2019,2930.51001,2935.75,2900.149902,2918.649902,2918.649902,3350640000
8/8/2019,2896.209961,2938.719971,2894.469971,2938.090088,2938.090088,4106370000
8/7/2019,2858.649902,2892.169922,2825.709961,2883.97998,2883.97998,4491750000
8/6/2019,2861.179932,2884.399902,2847.419922,2881.77002,2881.77002,4154240000
8/5/2019,2898.070068,2898.070068,2822.120117,2844.73999,2844.73999,4513730000
8/2/2019,2943.899902,2945.5,2914.110107,2932.050049,2932.050049,3874660000
8/1/2019,2980.320068,3013.590088,2945.22998,2953.560059,2953.560059,4762300000
7/31/2019,3016.219971,3017.399902,2958.080078,2980.379883,2980.379883,4623430000
7/30/2019,3007.659912,3017.189941,3000.939941,3013.179932,3013.179932,3634330000
7/29/2019,3024.469971,3025.610107,3014.300049,3020.969971,3020.969971,3203710000
7/26/2019,3013.25,3027.97998,3012.590088,3025.860107,3025.860107,3257590000
7/25/2019,3016.26001,3016.310059,2997.23999,3003.669922,3003.669922,3645270000
7/24/2019,2998.77002,3019.590088,2996.820068,3019.560059,3019.560059,3428980000
7/23/2019,2994.73999,3005.899902,2988.560059,3005.469971,3005.469971,3313660000
7/22/2019,2981.929932,2990.709961,2976.649902,2985.030029,2985.030029,3003720000
7/19/2019,3004.26001,3006.02002,2975.860107,2976.610107,2976.610107,3260360000
7/18/2019,2978.870117,2998.280029,2973.090088,2995.110107,2995.110107,3296580000
7/17/2019,3005.100098,3005.26001,2984.25,2984.419922,2984.419922,3181600000
7/16/2019,3012.129883,3015.02002,3001.149902,3004.040039,3004.040039,3290650000
7/15/2019,3017.800049,3017.800049,3008.77002,3014.300049,3014.300049,2874970000
7/12/2019,3003.360107,3013.919922,3001.870117,3013.77002,3013.77002,2974960000
7/11/2019,2999.620117,3002.330078,2988.800049,2999.909912,2999.909912,3154620000
7/10/2019,2989.300049,3002.97998,2984.620117,2993.070068,2993.070068,3154240000
7/9/2019,2965.52002,2981.899902,2963.439941,2979.629883,2979.629883,3028210000
7/8/2019,2979.77002,2980.76001,2970.090088,2975.949951,2975.949951,2904550000
7/5/2019,2984.25,2994.030029,2967.969971,2990.409912,2990.409912,2434210000
7/3/2019,2978.080078,2995.840088,2977.959961,2995.820068,2995.820068,1963720000
7/2/2019,2964.659912,2973.209961,2955.919922,2973.01001,2973.01001,3206840000
7/1/2019,2971.409912,2977.929932,2952.219971,2964.330078,2964.330078,3513270000
6/28/2019,2932.939941,2943.97998,2929.050049,2941.76001,2941.76001,5420700000
6/27/2019,2919.659912,2929.300049,2918.570068,2924.919922,2924.919922,3122920000
6/26/2019,2926.070068,2932.590088,2912.98999,2913.780029,2913.780029,3478130000
6/25/2019,2945.780029,2946.52002,2916.01001,2917.379883,2917.379883,3578050000
6/24/2019,2951.419922,2954.919922,2944.050049,2945.350098,2945.350098,3136250000
6/21/2019,2952.709961,2964.149902,2946.870117,2950.459961,2950.459961,5000120000
6/20/2019,2949.600098,2958.060059,2931.5,2954.179932,2954.179932,3905940000
6/19/2019,2920.550049,2931.73999,2911.429932,2926.459961,2926.459961,3287890000
6/18/2019,2906.709961,2930.790039,2905.439941,2917.75,2917.75,3437620000
6/17/2019,2889.75,2897.27002,2887.300049,2889.669922,2889.669922,2810140000
6/14/2019,2886.820068,2894.449951,2879.620117,2886.97998,2886.97998,2922330000
6/13/2019,2886.23999,2895.23999,2881.98999,2891.639893,2891.639893,3069810000
6/12/2019,2882.72998,2888.570068,2874.679932,2879.840088,2879.840088,3034130000
6/11/2019,2903.27002,2910.610107,2878.530029,2885.719971,2885.719971,3548420000
6/10/2019,2885.830078,2904.77002,2885.51001,2886.72998,2886.72998,3209210000
6/7/2019,2852.870117,2884.969971,2852.870117,2873.340088,2873.340088,3220250000
6/6/2019,2828.51001,2852.100098,2822.449951,2843.48999,2843.48999,3396410000
6/5/2019,2818.090088,2827.280029,2800.919922,2826.149902,2826.149902,3548830000
6/4/2019,2762.639893,2804.48999,2762.639893,2803.27002,2803.27002,3810430000
6/3/2019,2751.530029,2763.070068,2728.810059,2744.449951,2744.449951,3943810000
5/31/2019,2766.149902,2768.97998,2750.52002,2752.060059,2752.060059,3981020000
5/30/2019,2786.939941,2799,2776.73999,2788.860107,2788.860107,3273790000
5/29/2019,2790.25,2792.030029,2766.060059,2783.02002,2783.02002,3700050000
5/28/2019,2830.030029,2840.51001,2801.580078,2802.389893,2802.389893,4121410000
5/24/2019,2832.409912,2841.360107,2820.189941,2826.060059,2826.060059,2887390000
5/23/2019,2836.699951,2836.699951,2805.48999,2822.23999,2822.23999,3891980000
5/22/2019,2856.060059,2865.469971,2851.110107,2856.27002,2856.27002,3192510000
5/21/2019,2854.02002,2868.879883,2854.02002,2864.360107,2864.360107,3218700000
5/20/2019,2841.939941,2853.860107,2831.290039,2840.22998,2840.22998,3288870000
5/17/2019,2858.600098,2885.47998,2854.22998,2859.530029,2859.530029,3257950000
5/16/2019,2855.800049,2892.149902,2855.800049,2876.320068,2876.320068,3338060000
5/15/2019,2820.379883,2858.679932,2815.080078,2850.959961,2850.959961,3125950000
5/14/2019,2820.120117,2852.540039,2820.120117,2834.409912,2834.409912,3322720000
5/13/2019,2840.189941,2840.189941,2801.429932,2811.870117,2811.870117,3894030000
5/10/2019,2863.100098,2891.310059,2825.389893,2881.399902,2881.399902,3529600000
5/9/2019,2859.840088,2875.969971,2836.399902,2870.719971,2870.719971,3638820000
5/8/2019,2879.610107,2897.959961,2873.280029,2879.419922,2879.419922,3485790000
5/7/2019,2913.030029,2913.030029,2862.600098,2884.050049,2884.050049,3767100000
5/6/2019,2908.889893,2937.320068,2898.209961,2932.469971,2932.469971,3181520000
5/3/2019,2929.209961,2947.850098,2929.209961,2945.639893,2945.639893,3338120000
5/2/2019,2922.159912,2931.679932,2900.5,2917.52002,2917.52002,3778890000
5/1/2019,2952.330078,2954.129883,2923.360107,2923.72998,2923.72998,3645850000
4/30/2019,2937.139893,2948.219971,2924.110107,2945.830078,2945.830078,3919330000
4/29/2019,2940.580078,2949.52002,2939.350098,2943.030029,2943.030029,3118780000
4/26/2019,2925.810059,2939.879883,2917.560059,2939.879883,2939.879883,3248500000
4/25/2019,2928.98999,2933.100098,2912.840088,2926.169922,2926.169922,3425280000
4/24/2019,2934,2936.830078,2926.050049,2927.25,2927.25,3448960000
4/23/2019,2909.98999,2936.310059,2908.530029,2933.679932,2933.679932,3635030000
4/22/2019,2898.780029,2909.51001,2896.350098,2907.969971,2907.969971,2997950000
4/18/2019,2904.810059,2908.399902,2891.899902,2905.030029,2905.030029,3506850000
4/17/2019,2916.040039,2918,2895.449951,2900.449951,2900.449951,3602300000
4/16/2019,2912.26001,2916.060059,2900.709961,2907.060059,2907.060059,3402210000
4/15/2019,2908.320068,2909.600098,2896.47998,2905.580078,2905.580078,3088330000
4/12/2019,2900.860107,2910.540039,2898.370117,2907.409912,2907.409912,3688490000
4/11/2019,2891.919922,2893.419922,2881.98999,2888.320068,2888.320068,2938540000
4/10/2019,2881.370117,2889.709961,2879.129883,2888.209961,2888.209961,3062380000
4/9/2019,2886.580078,2886.879883,2873.330078,2878.199951,2878.199951,3007980000
4/8/2019,2888.459961,2895.949951,2880.780029,2895.77002,2895.77002,3054030000
4/5/2019,2884.159912,2893.23999,2882.98999,2892.73999,2892.73999,3146820000
4/4/2019,2873.98999,2881.280029,2867.139893,2879.389893,2879.389893,3015180000
4/3/2019,2876.090088,2885.25,2865.169922,2873.399902,2873.399902,3550240000
4/2/2019,2868.23999,2872.899902,2858.75,2867.23999,2867.23999,3246900000
4/1/2019,2848.629883,2869.399902,2848.629883,2867.189941,2867.189941,3500760000
3/29/2019,2828.27002,2836.030029,2819.22998,2834.399902,2834.399902,3740700000
3/28/2019,2809.399902,2819.709961,2798.77002,2815.439941,2815.439941,3158170000
3/27/2019,2819.719971,2825.560059,2787.719971,2805.370117,2805.370117,3372930000
3/26/2019,2812.659912,2829.870117,2803.98999,2818.459961,2818.459961,3266050000
3/25/2019,2796.01001,2809.790039,2785.02002,2798.360107,2798.360107,3376580000
3/22/2019,2844.52002,2846.159912,2800.469971,2800.709961,2800.709961,4237200000
3/21/2019,2819.719971,2860.310059,2817.379883,2854.879883,2854.879883,3546800000
3/20/2019,2831.340088,2843.540039,2812.429932,2824.22998,2824.22998,3771200000
3/19/2019,2840.76001,2852.419922,2823.27002,2832.570068,2832.570068,3620220000
3/18/2019,2822.610107,2835.409912,2821.98999,2832.939941,2832.939941,3552190000
3/15/2019,2810.790039,2830.72998,2810.790039,2822.47998,2822.47998,5962730000
3/14/2019,2810.379883,2815,2803.459961,2808.47998,2808.47998,3469730000
3/13/2019,2799.780029,2821.23999,2799.780029,2810.919922,2810.919922,3766150000
3/12/2019,2787.340088,2798.320068,2786.72998,2791.52002,2791.52002,3414230000
3/11/2019,2747.610107,2784,2747.610107,2783.300049,2783.300049,3749030000
3/8/2019,2730.790039,2744.129883,2722.27002,2743.070068,2743.070068,3423130000
3/7/2019,2766.530029,2767.25,2739.090088,2748.929932,2748.929932,3904860000
3/6/2019,2790.27002,2790.27002,2768.689941,2771.449951,2771.449951,3786600000
3/5/2019,2794.409912,2796.439941,2782.969971,2789.649902,2789.649902,3585690000
3/4/2019,2814.370117,2816.879883,2767.659912,2792.810059,2792.810059,3919810000
3/1/2019,2798.219971,2808.02002,2787.379883,2803.689941,2803.689941,3972280000
2/28/2019,2788.110107,2793.72998,2782.51001,2784.48999,2784.48999,4396930000
2/27/2019,2787.5,2795.76001,2775.129883,2792.379883,2792.379883,3767130000
2/26/2019,2792.360107,2803.120117,2789.469971,2793.899902,2793.899902,3645680000
2/25/2019,2804.350098,2813.48999,2794.98999,2796.110107,2796.110107,3804380000
2/22/2019,2780.669922,2794.199951,2779.110107,2792.669922,2792.669922,3427810000
2/21/2019,2780.23999,2781.580078,2764.550049,2774.879883,2774.879883,3559710000
2/20/2019,2779.050049,2789.879883,2774.060059,2784.699951,2784.699951,3835450000
2/19/2019,2769.280029,2787.330078,2767.290039,2779.76001,2779.76001,3533710000
2/15/2019,2760.23999,2775.659912,2760.23999,2775.600098,2775.600098,3641370000
2/14/2019,2743.5,2757.899902,2731.22998,2745.72998,2745.72998,3836700000
2/13/2019,2750.300049,2761.850098,2748.629883,2753.030029,2753.030029,3670770000
2/12/2019,2722.610107,2748.189941,2722.610107,2744.72998,2744.72998,3827770000
2/11/2019,2712.399902,2718.050049,2703.790039,2709.800049,2709.800049,3361970000
2/8/2019,2692.360107,2708.070068,2681.830078,2707.879883,2707.879883,3622330000
2/7/2019,2717.530029,2719.320068,2687.26001,2706.050049,2706.050049,4099490000
2/6/2019,2735.050049,2738.080078,2724.149902,2731.610107,2731.610107,3472690000
2/5/2019,2728.340088,2738.97998,2724.030029,2737.699951,2737.699951,3560430000
2/4/2019,2706.48999,2724.98999,2698.75,2724.870117,2724.870117,3359840000
2/1/2019,2702.320068,2716.659912,2696.879883,2706.530029,2706.530029,3759270000
1/31/2019,2685.48999,2708.949951,2678.649902,2704.100098,2704.100098,4917650000
1/30/2019,2653.620117,2690.439941,2648.340088,2681.050049,2681.050049,3857810000
1/29/2019,2644.889893,2650.929932,2631.050049,2640,2640,3504200000
1/28/2019,2644.969971,2644.969971,2624.060059,2643.850098,2643.850098,3612810000
1/25/2019,2657.439941,2672.379883,2657.330078,2664.76001,2664.76001,3814080000
1/24/2019,2638.840088,2647.199951,2627.01001,2642.330078,2642.330078,3433250000
1/23/2019,2643.47998,2653.189941,2612.860107,2638.699951,2638.699951,3335610000
1/22/2019,2657.879883,2657.879883,2617.27002,2632.899902,2632.899902,3908030000
1/18/2019,2651.27002,2675.469971,2647.580078,2670.709961,2670.709961,3986730000
1/17/2019,2609.280029,2645.060059,2606.360107,2635.959961,2635.959961,3772270000
1/16/2019,2614.75,2625.76001,2612.679932,2616.100098,2616.100098,3863770000
1/15/2019,2585.100098,2613.080078,2585.100098,2610.300049,2610.300049,3572330000
1/14/2019,2580.310059,2589.320068,2570.409912,2582.610107,2582.610107,3664450000
1/11/2019,2588.110107,2596.27002,2577.399902,2596.26001,2596.26001,3434490000
1/10/2019,2573.51001,2597.820068,2562.02002,2596.639893,2596.639893,3704500000
1/9/2019,2580,2595.320068,2568.889893,2584.959961,2584.959961,4052480000
1/8/2019,2568.110107,2579.820068,2547.560059,2574.409912,2574.409912,4083030000
1/7/2019,2535.610107,2566.159912,2524.560059,2549.689941,2549.689941,4104710000
1/4/2019,2474.330078,2538.070068,2474.330078,2531.939941,2531.939941,4213410000
1/3/2019,2491.919922,2493.139893,2443.959961,2447.889893,2447.889893,3822860000
1/2/2019,2476.959961,2519.48999,2467.469971,2510.030029,2510.030029,3733160000
12/31/2018,2498.939941,2509.23999,2482.820068,2506.850098,2506.850098,3442870000
12/28/2018,2498.77002,2520.27002,2472.889893,2485.73999,2485.73999,3702620000
12/27/2018,2442.5,2489.100098,2397.939941,2488.830078,2488.830078,4096610000
12/26/2018,2363.120117,2467.76001,2346.580078,2467.699951,2467.699951,4233990000
12/24/2018,2400.560059,2410.340088,2351.100098,2351.100098,2351.100098,2613930000
12/21/2018,2465.379883,2504.409912,2408.550049,2416.620117,2416.620117,7609010000
12/20/2018,2496.77002,2509.629883,2441.179932,2467.419922,2467.419922,5585780000
12/19/2018,2547.050049,2585.290039,2488.959961,2506.959961,2506.959961,5127940000
12/18/2018,2559.899902,2573.98999,2528.709961,2546.159912,2546.159912,4470880000
12/17/2018,2590.75,2601.129883,2530.540039,2545.939941,2545.939941,4616350000
12/14/2018,2629.679932,2635.070068,2593.840088,2599.949951,2599.949951,4035020000
12/13/2018,2658.699951,2670.189941,2637.27002,2650.540039,2650.540039,3927720000
12/12/2018,2658.22998,2685.439941,2650.26001,2651.070068,2651.070068,3955890000
12/11/2018,2664.439941,2674.350098,2621.300049,2636.780029,2636.780029,3905870000
12/10/2018,2630.860107,2647.51001,2583.22998,2637.719971,2637.719971,4151030000
12/7/2018,2691.26001,2708.540039,2623.139893,2633.080078,2633.080078,4216690000
12/6/2018,2663.51001,2696.149902,2621.530029,2695.949951,2695.949951,5141470000
12/4/2018,2782.429932,2785.929932,2697.179932,2700.060059,2700.060059,4499840000
12/3/2018,2790.5,2800.179932,2773.379883,2790.370117,2790.370117,4186060000
11/30/2018,2737.76001,2760.879883,2732.76001,2760.169922,2760.169922,4658580000
11/29/2018,2736.969971,2753.75,2722.939941,2737.800049,2737.800049,3560770000
11/28/2018,2691.449951,2744,2684.379883,2743.790039,2743.790039,3951670000
11/27/2018,2663.75,2682.530029,2655.889893,2682.169922,2682.169922,3485220000
11/26/2018,2649.969971,2674.350098,2649.969971,2673.449951,2673.449951,3443950000
11/23/2018,2633.360107,2647.550049,2631.090088,2632.560059,2632.560059,1651650000
11/21/2018,2657.73999,2670.72998,2649.820068,2649.929932,2649.929932,3233550000
11/20/2018,2654.600098,2669.439941,2631.52002,2641.889893,2641.889893,4357900000
11/19/2018,2730.73999,2733.159912,2681.090088,2690.72998,2690.72998,3772900000
11/16/2018,2718.540039,2746.75,2712.159912,2736.27002,2736.27002,3975180000
11/15/2018,2693.52002,2735.379883,2670.75,2730.199951,2730.199951,4179140000
11/14/2018,2737.899902,2746.800049,2685.75,2701.580078,2701.580078,4402370000
11/13/2018,2730.050049,2754.600098,2714.97998,2722.179932,2722.179932,4091440000
11/12/2018,2773.929932,2775.98999,2722,2726.219971,2726.219971,3670930000
11/9/2018,2794.100098,2794.100098,2764.23999,2781.01001,2781.01001,4019090000
11/8/2018,2806.379883,2814.75,2794.98999,2806.830078,2806.830078,3630490000
11/7/2018,2774.129883,2815.149902,2774.129883,2813.889893,2813.889893,3914750000
11/6/2018,2738.399902,2756.820068,2737.080078,2755.449951,2755.449951,3510860000
11/5/2018,2726.370117,2744.27002,2717.939941,2738.310059,2738.310059,3623320000
11/2/2018,2745.449951,2756.550049,2700.439941,2723.060059,2723.060059,4237930000
11/1/2018,2717.580078,2741.669922,2708.850098,2740.370117,2740.370117,4708420000
10/31/2018,2705.600098,2736.689941,2705.600098,2711.73999,2711.73999,5112420000
10/30/2018,2640.679932,2685.429932,2635.340088,2682.629883,2682.629883,5106380000
10/29/2018,2682.649902,2706.850098,2603.540039,2641.25,2641.25,4673700000
10/26/2018,2667.860107,2692.379883,2628.159912,2658.689941,2658.689941,4803150000
10/25/2018,2674.879883,2722.699951,2667.840088,2705.570068,2705.570068,4634770000
10/24/2018,2737.870117,2742.590088,2651.889893,2656.100098,2656.100098,4709310000
10/23/2018,2721.030029,2753.590088,2691.429932,2740.689941,2740.689941,4348580000
10/22/2018,2773.939941,2778.939941,2749.219971,2755.879883,2755.879883,3307140000
10/19/2018,2775.659912,2797.77002,2760.27002,2767.780029,2767.780029,3566490000
10/18/2018,2802,2806.040039,2755.179932,2768.780029,2768.780029,3616440000
10/17/2018,2811.669922,2816.939941,2781.810059,2809.209961,2809.209961,3321710000
10/16/2018,2767.050049,2813.459961,2766.909912,2809.919922,2809.919922,3428340000
10/15/2018,2763.830078,2775.98999,2749.030029,2750.790039,2750.790039,3300140000
10/12/2018,2770.540039,2775.77002,2729.439941,2767.129883,2767.129883,3966040000
10/11/2018,2776.870117,2795.139893,2710.51001,2728.370117,2728.370117,4890630000
10/10/2018,2873.899902,2874.02002,2784.860107,2785.679932,2785.679932,4501250000
10/9/2018,2882.51001,2894.830078,2874.27002,2880.340088,2880.340088,3520500000
10/8/2018,2877.530029,2889.449951,2862.080078,2884.429932,2884.429932,3330320000
10/5/2018,2902.540039,2909.639893,2869.290039,2885.570068,2885.570068,3328980000
10/4/2018,2919.350098,2919.780029,2883.919922,2901.610107,2901.610107,3496860000
10/3/2018,2931.689941,2939.860107,2921.360107,2925.51001,2925.51001,3598710000
10/2/2018,2923.800049,2931.419922,2919.370117,2923.429932,2923.429932,3401880000
10/1/2018,2926.290039,2937.060059,2917.909912,2924.590088,2924.590088,3364190000
9/28/2018,2910.030029,2920.530029,2907.5,2913.97998,2913.97998,3432300000
9/27/2018,2911.649902,2927.219971,2909.27002,2914,2914,3060850000
9/26/2018,2916.97998,2931.149902,2903.280029,2905.969971,2905.969971,3388620000
9/25/2018,2921.75,2923.949951,2913.699951,2915.560059,2915.560059,3285480000
9/24/2018,2921.830078,2923.790039,2912.629883,2919.370117,2919.370117,3372210000
9/21/2018,2936.76001,2940.909912,2927.110107,2929.669922,2929.669922,5607610000
9/20/2018,2919.72998,2934.800049,2919.72998,2930.75,2930.75,3337730000
9/19/2018,2906.600098,2912.360107,2903.820068,2907.949951,2907.949951,3280020000
9/18/2018,2890.73999,2911.169922,2890.429932,2904.310059,2904.310059,3074610000
9/17/2018,2903.830078,2904.649902,2886.159912,2888.800049,2888.800049,2947760000
9/14/2018,2906.379883,2908.300049,2895.77002,2904.97998,2904.97998,3149800000
9/13/2018,2896.850098,2906.76001,2896.389893,2904.179932,2904.179932,3254930000
9/12/2018,2888.290039,2894.649902,2879.199951,2888.919922,2888.919922,3264930000
9/11/2018,2871.570068,2892.52002,2866.780029,2887.889893,2887.889893,2899660000
9/10/2018,2881.389893,2886.929932,2875.939941,2877.129883,2877.129883,2731400000
9/7/2018,2868.26001,2883.810059,2864.120117,2871.679932,2871.679932,2946270000
9/6/2018,2888.639893,2892.050049,2867.290039,2878.050049,2878.050049,3139590000
9/5/2018,2891.590088,2894.209961,2876.919922,2888.600098,2888.600098,3241250000
9/4/2018,2896.959961,2900.179932,2885.129883,2896.719971,2896.719971,3077060000
8/31/2018,2898.370117,2906.320068,2891.72998,2901.52002,2901.52002,2880260000
8/30/2018,2908.939941,2912.459961,2895.219971,2901.129883,2901.129883,2802180000
8/29/2018,2900.620117,2916.5,2898.399902,2914.040039,2914.040039,2791860000
8/28/2018,2901.449951,2903.77002,2893.5,2897.52002,2897.52002,2683190000
8/27/2018,2884.689941,2898.25,2884.689941,2896.73999,2896.73999,2854080000
8/24/2018,2862.350098,2876.159912,2862.350098,2874.689941,2874.689941,2596190000
8/23/2018,2860.290039,2868.780029,2854.030029,2856.97998,2856.97998,2713910000
8/22/2018,2860.98999,2867.540039,2856.050049,2861.820068,2861.820068,2689560000
8/21/2018,2861.51001,2873.22998,2861.320068,2862.959961,2862.959961,3147140000
8/20/2018,2853.929932,2859.76001,2850.620117,2857.050049,2857.050049,2748020000
8/17/2018,2838.320068,2855.629883,2833.72998,2850.129883,2850.129883,3024100000
8/16/2018,2831.439941,2850.48999,2831.439941,2840.689941,2840.689941,3219880000
8/15/2018,2827.949951,2827.949951,2802.48999,2818.370117,2818.370117,3645070000
8/14/2018,2827.879883,2843.110107,2826.580078,2839.959961,2839.959961,2976970000
8/13/2018,2835.459961,2843.399902,2819.879883,2821.929932,2821.929932,3158450000
8/10/2018,2838.899902,2842.199951,2825.810059,2833.280029,2833.280029,3256040000
8/9/2018,2857.189941,2862.47998,2851.97998,2853.580078,2853.580078,3047050000
8/8/2018,2856.790039,2862.439941,2853.090088,2857.699951,2857.699951,2972200000
8/7/2018,2855.919922,2863.429932,2855.919922,2858.449951,2858.449951,3162770000
8/6/2018,2840.290039,2853.290039,2835.97998,2850.399902,2850.399902,2874540000
8/3/2018,2829.620117,2840.379883,2827.370117,2840.350098,2840.350098,3030390000
8/2/2018,2800.47998,2829.909912,2796.340088,2827.219971,2827.219971,3467380000
8/1/2018,2821.169922,2825.830078,2805.850098,2813.360107,2813.360107,3496990000
7/31/2018,2809.72998,2824.459961,2808.060059,2816.290039,2816.290039,3892100000
7/30/2018,2819,2821.73999,2798.110107,2802.600098,2802.600098,3245770000
7/27/2018,2842.350098,2843.169922,2808.340088,2818.820068,2818.820068,3415710000
7/26/2018,2835.48999,2845.570068,2835.26001,2837.439941,2837.439941,3653330000
7/25/2018,2817.72998,2848.030029,2817.72998,2846.070068,2846.070068,3553010000
7/24/2018,2820.679932,2829.98999,2811.120117,2820.399902,2820.399902,3417530000
7/23/2018,2799.169922,2808.610107,2795.139893,2806.97998,2806.97998,2907430000
7/20/2018,2804.550049,2809.699951,2800.01001,2801.830078,2801.830078,3230210000
7/19/2018,2809.370117,2812.050049,2799.77002,2804.48999,2804.48999,3266700000
7/18/2018,2811.350098,2816.76001,2805.889893,2815.620117,2815.620117,3089780000
7/17/2018,2789.340088,2814.189941,2789.23999,2809.550049,2809.550049,3050730000
7/16/2018,2797.360107,2801.189941,2793.389893,2798.429932,2798.429932,2812230000
7/13/2018,2796.929932,2804.530029,2791.689941,2801.310059,2801.310059,2614000000
7/12/2018,2783.139893,2799.219971,2781.530029,2798.290039,2798.290039,2821690000
7/11/2018,2779.820068,2785.909912,2770.77002,2774.02002,2774.02002,2964740000
7/10/2018,2788.560059,2795.580078,2786.23999,2793.840088,2793.840088,3063850000
7/9/2018,2775.620117,2784.649902,2770.72998,2784.169922,2784.169922,3050040000
7/6/2018,2737.679932,2764.409912,2733.52002,2759.820068,2759.820068,2554780000
7/5/2018,2724.189941,2737.830078,2716.02002,2736.610107,2736.610107,2953420000
7/3/2018,2733.27002,2736.580078,2711.159912,2713.219971,2713.219971,1911470000
7/2/2018,2704.949951,2727.26001,2698.949951,2726.709961,2726.709961,3073650000
6/29/2018,2727.129883,2743.26001,2718.030029,2718.370117,2718.370117,3565620000
6/28/2018,2698.689941,2724.340088,2691.98999,2716.310059,2716.310059,3428140000
6/27/2018,2728.449951,2746.090088,2699.379883,2699.629883,2699.629883,3776090000
6/26/2018,2722.120117,2732.909912,2715.600098,2723.060059,2723.060059,3555090000
6/25/2018,2742.939941,2742.939941,2698.669922,2717.070068,2717.070068,3655080000
6/22/2018,2760.790039,2764.169922,2752.679932,2754.879883,2754.879883,5450550000
6/21/2018,2769.280029,2769.280029,2744.389893,2749.76001,2749.76001,3300060000
6/20/2018,2769.72998,2774.860107,2763.909912,2767.320068,2767.320068,3327600000
6/19/2018,2752.01001,2765.050049,2743.189941,2762.590088,2762.590088,3661470000
6/18/2018,2765.790039,2774.98999,2757.120117,2773.75,2773.75,3287150000
6/15/2018,2777.780029,2782.810059,2761.72998,2779.659912,2779.659912,5428790000
6/14/2018,2783.209961,2789.060059,2776.52002,2782.48999,2782.48999,3526890000
6/13/2018,2787.939941,2791.469971,2774.649902,2775.629883,2775.629883,3779230000
6/12/2018,2785.600098,2789.800049,2778.780029,2786.850098,2786.850098,3401010000
6/11/2018,2780.179932,2790.209961,2780.169922,2782,2782,3232330000
6/8/2018,2765.840088,2779.389893,2763.590088,2779.030029,2779.030029,3123210000
6/7/2018,2774.840088,2779.899902,2760.159912,2770.370117,2770.370117,3711330000
6/6/2018,2753.25,2772.389893,2748.459961,2772.350098,2772.350098,3651640000
6/5/2018,2748.459961,2752.610107,2739.51001,2748.800049,2748.800049,3517790000
6/4/2018,2741.669922,2749.159912,2740.540039,2746.870117,2746.870117,3376510000
6/1/2018,2718.699951,2736.929932,2718.699951,2734.620117,2734.620117,3684130000
5/31/2018,2720.97998,2722.5,2700.679932,2705.27002,2705.27002,4235370000
5/30/2018,2702.429932,2729.340088,2702.429932,2724.01001,2724.01001,3561050000
5/29/2018,2705.110107,2710.669922,2676.810059,2689.860107,2689.860107,3736890000
5/25/2018,2723.600098,2727.360107,2714.98999,2721.330078,2721.330078,2995260000
5/24/2018,2730.939941,2731.969971,2707.379883,2727.76001,2727.76001,3256030000
5/23/2018,2713.97998,2733.330078,2709.540039,2733.290039,2733.290039,3326290000
5/22/2018,2738.340088,2742.23999,2721.879883,2724.439941,2724.439941,3366310000
5/21/2018,2735.389893,2739.189941,2725.699951,2733.01001,2733.01001,3019890000
5/18/2018,2717.350098,2719.5,2709.179932,2712.969971,2712.969971,3368690000
5/17/2018,2719.709961,2731.959961,2711.360107,2720.129883,2720.129883,3475400000
5/16/2018,2712.620117,2727.76001,2712.169922,2722.459961,2722.459961,3202670000
5/15/2018,2718.590088,2718.590088,2701.909912,2711.449951,2711.449951,3290680000
5/14/2018,2738.469971,2742.100098,2725.469971,2730.129883,2730.129883,2972660000
5/11/2018,2722.699951,2732.860107,2717.449951,2727.719971,2727.719971,2862700000
5/10/2018,2705.02002,2726.110107,2704.540039,2723.070068,2723.070068,3333050000
5/9/2018,2678.120117,2701.27002,2674.139893,2697.790039,2697.790039,3909500000
5/8/2018,2670.26001,2676.340088,2655.199951,2671.919922,2671.919922,3717570000
5/7/2018,2680.340088,2683.350098,2664.699951,2672.629883,2672.629883,3237960000
5/4/2018,2621.449951,2670.929932,2615.320068,2663.419922,2663.419922,3327220000
5/3/2018,2628.080078,2637.139893,2594.620117,2629.72998,2629.72998,3851470000
5/2/2018,2654.23999,2660.870117,2631.699951,2635.669922,2635.669922,4010770000
5/1/2018,2642.959961,2655.27002,2625.409912,2654.800049,2654.800049,3559850000
4/30/2018,2682.51001,2682.870117,2648.040039,2648.050049,2648.050049,3734530000
4/27/2018,2675.469971,2677.350098,2659.01001,2669.909912,2669.909912,3219030000
4/26/2018,2651.649902,2676.47998,2647.159912,2666.939941,2666.939941,3665720000
4/25/2018,2634.919922,2645.300049,2612.669922,2639.399902,2639.399902,3499440000
4/24/2018,2680.800049,2683.550049,2617.320068,2634.560059,2634.560059,3706740000
4/23/2018,2675.399902,2682.860107,2657.98999,2670.290039,2670.290039,3017480000
4/20/2018,2692.560059,2693.939941,2660.610107,2670.139893,2670.139893,3388590000
4/19/2018,2701.159912,2702.840088,2681.899902,2693.129883,2693.129883,3349370000
4/18/2018,2710.110107,2717.48999,2703.629883,2708.639893,2708.639893,3383410000
4/17/2018,2692.73999,2713.340088,2692.050049,2706.389893,2706.389893,3234360000
4/16/2018,2670.100098,2686.48999,2665.159912,2677.840088,2677.840088,3019700000
4/13/2018,2676.899902,2680.26001,2645.050049,2656.300049,2656.300049,2960910000
4/12/2018,2653.830078,2674.719971,2653.830078,2663.98999,2663.98999,3021320000
4/11/2018,2643.889893,2661.429932,2639.25,2642.189941,2642.189941,3020760000
4/10/2018,2638.409912,2665.449951,2635.780029,2656.870117,2656.870117,3543930000
4/9/2018,2617.179932,2653.550049,2610.790039,2613.159912,2613.159912,3062960000
4/6/2018,2645.820068,2656.879883,2586.27002,2604.469971,2604.469971,3299700000
4/5/2018,2657.360107,2672.080078,2649.580078,2662.840088,2662.840088,3178970000
4/4/2018,2584.040039,2649.860107,2573.610107,2644.689941,2644.689941,3350340000
4/3/2018,2592.169922,2619.139893,2575.48999,2614.449951,2614.449951,3392810000
4/2/2018,2633.449951,2638.300049,2553.800049,2581.879883,2581.879883,3598520000
3/29/2018,2614.409912,2659.070068,2609.719971,2640.870117,2640.870117,3565990000
3/28/2018,2611.300049,2632.649902,2593.060059,2605,2605,3864500000
3/27/2018,2667.570068,2674.780029,2596.120117,2612.620117,2612.620117,3706350000
3/26/2018,2619.350098,2661.360107,2601.810059,2658.550049,2658.550049,3511100000
3/23/2018,2646.709961,2657.669922,2585.889893,2588.26001,2588.26001,3815080000
3/22/2018,2691.360107,2695.679932,2641.590088,2643.689941,2643.689941,3739800000
3/21/2018,2714.98999,2739.139893,2709.790039,2711.929932,2711.929932,3415510000
3/20/2018,2715.050049,2724.219971,2710.050049,2716.939941,2716.939941,3261030000
3/19/2018,2741.379883,2741.379883,2694.590088,2712.919922,2712.919922,3302130000
3/16/2018,2750.570068,2761.850098,2749.969971,2752.01001,2752.01001,5372340000
3/15/2018,2754.27002,2763.030029,2741.469971,2747.330078,2747.330078,3500330000
3/14/2018,2774.060059,2777.110107,2744.379883,2749.47998,2749.47998,3391360000
3/13/2018,2792.310059,2801.899902,2758.679932,2765.310059,2765.310059,3301650000
3/12/2018,2790.540039,2796.97998,2779.26001,2783.02002,2783.02002,3185020000
3/9/2018,2752.909912,2786.570068,2751.540039,2786.570068,2786.570068,3364100000
3/8/2018,2732.75,2740.449951,2722.649902,2738.969971,2738.969971,3212320000
3/7/2018,2710.179932,2730.600098,2701.73999,2726.800049,2726.800049,3393270000
3/6/2018,2730.179932,2732.080078,2711.26001,2728.120117,2728.120117,3370690000
3/5/2018,2681.060059,2728.090088,2675.75,2720.939941,2720.939941,3710810000
3/2/2018,2658.889893,2696.25,2647.320068,2691.25,2691.25,3882450000
3/1/2018,2715.219971,2730.889893,2659.649902,2677.669922,2677.669922,4503970000
2/28/2018,2753.780029,2761.52002,2713.540039,2713.830078,2713.830078,4230660000
2/27/2018,2780.449951,2789.149902,2744.219971,2744.280029,2744.280029,3745080000
2/26/2018,2757.370117,2780.639893,2753.780029,2779.600098,2779.600098,3424650000
2/23/2018,2715.800049,2747.76001,2713.73999,2747.300049,2747.300049,3189190000
2/22/2018,2710.419922,2731.26001,2697.77002,2703.959961,2703.959961,3701270000
2/21/2018,2720.530029,2747.75,2701.290039,2701.330078,2701.330078,3779400000
2/20/2018,2722.98999,2737.600098,2706.76001,2716.26001,2716.26001,3627610000
2/16/2018,2727.139893,2754.419922,2725.110107,2732.219971,2732.219971,3637460000
2/15/2018,2713.459961,2731.51001,2689.820068,2731.199951,2731.199951,3684910000
2/14/2018,2651.209961,2702.100098,2648.870117,2698.629883,2698.629883,4003740000
2/13/2018,2646.27002,2668.840088,2637.080078,2662.939941,2662.939941,3472870000
2/12/2018,2636.75,2672.610107,2622.449951,2656,2656,4055790000
2/9/2018,2601.780029,2638.669922,2532.689941,2619.550049,2619.550049,5680070000
2/8/2018,2685.01001,2685.27002,2580.560059,2581,2581,5305440000
2/7/2018,2690.949951,2727.669922,2681.330078,2681.659912,2681.659912,4626570000
2/6/2018,2614.780029,2701.040039,2593.070068,2695.139893,2695.139893,5891660000
2/5/2018,2741.060059,2763.389893,2638.169922,2648.939941,2648.939941,5283460000
2/2/2018,2808.919922,2808.919922,2759.969971,2762.129883,2762.129883,4301130000
2/1/2018,2816.449951,2835.959961,2812.699951,2821.97998,2821.97998,3938450000
1/31/2018,2832.409912,2839.26001,2813.040039,2823.810059,2823.810059,4261280000
1/30/2018,2832.73999,2837.75,2818.27002,2822.429932,2822.429932,3990650000
1/29/2018,2867.22998,2870.620117,2851.47998,2853.530029,2853.530029,3573830000
1/26/2018,2847.47998,2872.870117,2846.179932,2872.870117,2872.870117,3443230000
1/25/2018,2846.23999,2848.560059,2830.939941,2839.25,2839.25,3835150000
1/24/2018,2845.419922,2852.969971,2824.810059,2837.540039,2837.540039,4014070000
1/23/2018,2835.050049,2842.23999,2830.590088,2839.129883,2839.129883,3519650000
1/22/2018,2809.159912,2833.030029,2808.120117,2832.969971,2832.969971,3471780000
1/19/2018,2802.600098,2810.330078,2798.080078,2810.300049,2810.300049,3639430000
1/18/2018,2802.399902,2805.830078,2792.560059,2798.030029,2798.030029,3681470000
1/17/2018,2784.98999,2807.040039,2778.379883,2802.560059,2802.560059,3778050000
1/16/2018,2798.959961,2807.540039,2768.639893,2776.419922,2776.419922,4325970000
1/12/2018,2770.179932,2787.850098,2769.639893,2786.23999,2786.23999,3573970000
1/11/2018,2752.969971,2767.560059,2752.780029,2767.560059,2767.560059,3641320000
1/10/2018,2745.550049,2750.800049,2736.060059,2748.22998,2748.22998,3576350000
1/9/2018,2751.149902,2759.139893,2747.860107,2751.290039,2751.290039,3453480000
1/8/2018,2742.669922,2748.51001,2737.600098,2747.709961,2747.709961,3242650000
1/5/2018,2731.330078,2743.449951,2727.919922,2743.149902,2743.149902,3236620000
1/4/2018,2719.310059,2729.290039,2719.070068,2723.98999,2723.98999,3695260000
1/3/2018,2697.850098,2714.370117,2697.77002,2713.060059,2713.060059,3538660000
1/2/2018,2683.72998,2695.889893,2682.360107,2695.810059,2695.810059,3367250000
12/29/2017,2689.149902,2692.120117,2673.610107,2673.610107,2673.610107,2443490000
12/28/2017,2686.100098,2687.659912,2682.689941,2687.540039,2687.540039,2153330000
12/27/2017,2682.100098,2685.639893,2678.909912,2682.620117,2682.620117,2202080000
12/26/2017,2679.090088,2682.73999,2677.959961,2680.5,2680.5,1968780000
12/22/2017,2684.219971,2685.350098,2678.129883,2683.340088,2683.340088,2399830000
12/21/2017,2683.02002,2692.639893,2682.399902,2684.570068,2684.570068,3273390000
12/20/2017,2688.179932,2691.01001,2676.110107,2679.25,2679.25,3241030000
12/19/2017,2692.709961,2694.439941,2680.73999,2681.469971,2681.469971,3368590000
12/18/2017,2685.919922,2694.969971,2685.919922,2690.159912,2690.159912,3724660000
12/15/2017,2660.629883,2679.629883,2659.139893,2675.810059,2675.810059,5723920000
12/14/2017,2665.870117,2668.090088,2652.01001,2652.01001,2652.01001,3430030000
12/13/2017,2667.590088,2671.879883,2662.850098,2662.850098,2662.850098,3542370000
12/12/2017,2661.72998,2669.719971,2659.780029,2664.110107,2664.110107,3555680000
12/11/2017,2652.189941,2660.330078,2651.469971,2659.98999,2659.98999,3091950000
12/8/2017,2646.209961,2651.649902,2644.100098,2651.5,2651.5,3106150000
12/7/2017,2628.379883,2640.98999,2626.530029,2636.97998,2636.97998,3292400000
12/6/2017,2626.23999,2634.409912,2624.75,2629.27002,2629.27002,3229000000
12/5/2017,2639.780029,2648.719971,2627.72998,2629.570068,2629.570068,3539040000
12/4/2017,2657.189941,2665.189941,2639.030029,2639.439941,2639.439941,4023150000
12/1/2017,2645.100098,2650.620117,2605.52002,2642.219971,2642.219971,3942320000
11/30/2017,2633.929932,2657.73999,2633.929932,2647.580078,2647.580078,4938490000
11/29/2017,2627.820068,2634.889893,2620.320068,2626.070068,2626.070068,4078280000
11/28/2017,2605.939941,2627.689941,2605.439941,2627.040039,2627.040039,3488420000
11/27/2017,2602.659912,2606.409912,2598.870117,2601.419922,2601.419922,3006860000
11/24/2017,2600.419922,2604.209961,2600.419922,2602.419922,2602.419922,1349780000
11/22/2017,2600.310059,2600.939941,2595.22998,2597.080078,2597.080078,2762950000
11/21/2017,2589.169922,2601.189941,2589.169922,2599.030029,2599.030029,3332720000
11/20/2017,2579.48999,2584.639893,2578.23999,2582.139893,2582.139893,3003540000
11/17/2017,2582.939941,2583.959961,2577.620117,2578.850098,2578.850098,3300160000
11/16/2017,2572.949951,2590.090088,2572.949951,2585.639893,2585.639893,3312710000
11/15/2017,2569.449951,2572.840088,2557.449951,2564.620117,2564.620117,3558890000
11/14/2017,2577.75,2579.659912,2566.560059,2578.870117,2578.870117,3641760000
11/13/2017,2576.530029,2587.659912,2574.47998,2584.840088,2584.840088,3402930000
11/10/2017,2580.179932,2583.810059,2575.570068,2582.300049,2582.300049,3486910000
11/9/2017,2584,2586.5,2566.330078,2584.620117,2584.620117,3831610000
11/8/2017,2588.709961,2595.469971,2585.02002,2594.379883,2594.379883,3899360000
11/7/2017,2592.110107,2597.02002,2584.350098,2590.639893,2590.639893,3809650000
11/6/2017,2587.469971,2593.379883,2585.659912,2591.129883,2591.129883,3539080000
11/3/2017,2581.929932,2588.419922,2576.77002,2587.840088,2587.840088,3567710000
11/2/2017,2579.459961,2581.110107,2566.169922,2579.850098,2579.850098,4048270000
11/1/2017,2583.209961,2588.399902,2574.919922,2579.360107,2579.360107,3813180000
10/31/2017,2575.98999,2578.290039,2572.149902,2575.26001,2575.26001,3827230000
10/30/2017,2577.75,2580.030029,2568.25,2572.830078,2572.830078,3658870000
10/27/2017,2570.26001,2582.97998,2565.939941,2581.070068,2581.070068,3887110000
10/26/2017,2560.080078,2567.070068,2559.800049,2560.399902,2560.399902,3869050000
10/25/2017,2566.52002,2567.399902,2544,2557.149902,2557.149902,3874510000
10/24/2017,2568.659912,2572.179932,2565.580078,2569.129883,2569.129883,3427330000
10/23/2017,2578.080078,2578.290039,2564.330078,2564.97998,2564.97998,3211710000
10/20/2017,2567.560059,2575.439941,2567.560059,2575.209961,2575.209961,3384650000
10/19/2017,2553.389893,2562.360107,2547.919922,2562.100098,2562.100098,2990710000
10/18/2017,2562.870117,2564.110107,2559.669922,2561.26001,2561.26001,2998090000
10/17/2017,2557.169922,2559.709961,2554.689941,2559.360107,2559.360107,2889390000
10/16/2017,2555.570068,2559.469971,2552.639893,2557.639893,2557.639893,2916020000
10/13/2017,2555.659912,2557.649902,2552.090088,2553.169922,2553.169922,3149440000
10/12/2017,2552.879883,2555.330078,2548.310059,2550.929932,2550.929932,3151510000
10/11/2017,2550.620117,2555.23999,2547.949951,2555.23999,2555.23999,2976090000
10/10/2017,2549.98999,2555.22998,2544.860107,2550.639893,2550.639893,2960500000
10/9/2017,2551.389893,2551.820068,2541.600098,2544.72998,2544.72998,2483970000
10/6/2017,2547.439941,2549.409912,2543.790039,2549.330078,2549.330078,2884570000
10/5/2017,2540.860107,2552.51001,2540.02002,2552.070068,2552.070068,3045120000
10/4/2017,2533.47998,2540.530029,2531.800049,2537.73999,2537.73999,3017120000
10/3/2017,2530.340088,2535.129883,2528.850098,2534.580078,2534.580078,3068850000
10/2/2017,2521.199951,2529.22998,2520.399902,2529.120117,2529.120117,3199730000
9/29/2017,2509.959961,2519.439941,2507.98999,2519.360107,2519.360107,3211920000
9/28/2017,2503.409912,2510.810059,2502.929932,2510.060059,2510.060059,3168620000
9/27/2017,2503.300049,2511.75,2495.909912,2507.040039,2507.040039,3456030000
9/26/2017,2501.040039,2503.51001,2495.120117,2496.840088,2496.840088,3043110000
9/25/2017,2499.389893,2502.540039,2488.030029,2496.659912,2496.659912,3297890000
9/22/2017,2497.26001,2503.469971,2496.540039,2502.219971,2502.219971,2865960000
9/21/2017,2507.159912,2507.159912,2499,2500.600098,2500.600098,2930860000
9/20/2017,2506.840088,2508.850098,2496.669922,2508.23999,2508.23999,3530010000
9/19/2017,2506.290039,2507.840088,2503.189941,2506.649902,2506.649902,3249100000
9/18/2017,2502.51001,2508.320068,2499.919922,2503.870117,2503.870117,3194300000
9/15/2017,2495.669922,2500.22998,2493.159912,2500.22998,2500.22998,4853170000
9/14/2017,2494.560059,2498.429932,2491.350098,2495.620117,2495.620117,3414460000
9/13/2017,2493.889893,2498.370117,2492.139893,2498.370117,2498.370117,3368050000
9/12/2017,2491.939941,2496.77002,2490.370117,2496.47998,2496.47998,3230920000
9/11/2017,2474.52002,2488.949951,2474.52002,2488.110107,2488.110107,3291760000
9/8/2017,2462.25,2467.110107,2459.399902,2461.429932,2461.429932,3302490000
